Query;Results
How do I read / convert an InputStream into a String in Java?;https://github.com/michel-kraemer/citeproc-java/blob/1d5bf0e7bbb2bdc47309530babf0ecaba838bf10/citeproc-java/src/main/java/de/undercouch/citeproc/helper/CSLUtils.java#L84-L96
How do I read / convert an InputStream into a String in Java?;https://github.com/blademainer/common_utils/blob/ef6baf0367c16de95a28caab67a7d5842a6d13db/common_helper/src/main/java/com/xiongyingqi/util/FileHelper.java#L201-L252
How do I read / convert an InputStream into a String in Java?;https://github.com/dmerkushov/os-helper/blob/a7c2b72d289d9bc23ae106d1c5e11769cf3463d6/src/main/java/ru/dmerkushov/oshelper/OSHelper.java#L416-L445
How do I read / convert an InputStream into a String in Java?;https://github.com/Metatavu/edelphi/blob/d91a0b54f954b33b4ee674a1bdf03612d76c3305/edelphi/src/main/java/fi/metatavu/edelphi/utils/StreamUtils.java#L15-L17
How do I read / convert an InputStream into a String in Java?;https://github.com/Skullabs/powerlib/blob/55d4b6684908113a2d5b9d5666bb686fa172097a/src/main/java/power/io/IO.java#L80-L161
How do I read / convert an InputStream into a String in Java?;https://github.com/rFlex/SCJavaTools/blob/6bafee99f12a6ad73265db64776edac2bab71f67/src/main/java/me/corsin/javatools/io/IOUtils.java#L53-L57
How do I read / convert an InputStream into a String in Java?;https://github.com/apptentive/apptentive-android/blob/887c08d7bd5ae6488a90366dfb58f58938861a93/apptentive/src/main/java/com/apptentive/android/sdk/util/Util.java#L302-L321
How do I read / convert an InputStream into a String in Java?;https://github.com/bbottema/simple-java-mail/blob/b03635328aeecd525e35eddfef8f5b9a184559d8/modules/core-module/src/main/java/org/simplejavamail/internal/util/MiscUtil.java#L102-L113
How do I read / convert an InputStream into a String in Java?;https://github.com/rupertlssmith/lojix/blob/ad494dc8bce2345567de7689d42291d4b30fbd51/base/common/src/main/com/thesett/common/util/FileUtils.java#L130-L152
How do I read / convert an InputStream into a String in Java?;https://github.com/mike706574/java-io-support/blob/f540679cb6e5089c1c692a741114f121ed70f0ea/src/main/java/fun/mike/io/alpha/IO.java#L133-L144
Create ArrayList from array;https://github.com/stratosphere/stratosphere/blob/c543a08f9676c5b2b0a7088123bd6e795a8ae0c8/stratosphere-java/src/main/java/eu/stratosphere/api/java/ExecutionEnvironment.java#L408-L414
Create ArrayList from array;https://github.com/cesarferreira/AndroidQuickUtils/blob/73a91daedbb9f7be7986ea786fbc441c9e5a881c/library/src/main/java/quickutils/core/collections/Lists.java#L29-L34
Create ArrayList from array;https://github.com/clanie/clanie-core/blob/ac8a655b93127f0e281b741c4d53f429be2816ad/src/main/java/dk/clanie/collections/CollectionFactory.java#L100-L102
Create ArrayList from array;https://github.com/pressgang-ccms/jcommander-pressgang/blob/9d212bfd8460283c809974b1c79e2c8fe2d1bfa6/src/main/java/com/beust/jcommander/internal/Lists.java#L32-L34
Create ArrayList from array;https://github.com/cbeust/jcommander/blob/85cb6f7217e15f62225185ffd97491f34b7b49bb/src/main/java/com/beust/jcommander/internal/Lists.java#L37-L39
Create ArrayList from array;https://github.com/looly/hutool/blob/bbd74eda4c7e8a81fe7a991fa6c2276eec062e6a/hutool-core/src/main/java/cn/hutool/core/collection/CollUtil.java#L617-L620
Create ArrayList from array;https://github.com/apache/flink/blob/b62db93bf63cb3bb34dd03d611a779d9e3fc61ac/flink-java/src/main/java/org/apache/flink/api/java/ExecutionEnvironment.java#L653-L655
Create ArrayList from array;https://github.com/cesarferreira/AndroidQuickUtils/blob/73a91daedbb9f7be7986ea786fbc441c9e5a881c/library/src/main/java/quickutils/core/collections/Lists.java#L57-L63
Create ArrayList from array;https://github.com/beangle/beangle3/blob/33df2873a5f38e28ac174a1d3b8144eb2f808e64/commons/core/src/main/java/org/beangle/commons/collection/CollectUtils.java#L84-L86
Create ArrayList from array;https://github.com/sd4324530/fastweixin/blob/6bc0a7abfa23aad0dbad4c3123a47a7fb53f3447/src/main/java/com/github/sd4324530/fastweixin/util/CollectionUtil.java#L69-L76
How do I generate random integers within a specific range?;https://github.com/zhangguangyong/codes/blob/5585c17ea46af665582734f399c05dfbba18c30d/codes-common/src/main/java/com/codes/common/util/Randoms.java#L187-L197
How do I generate random integers within a specific range?;https://github.com/javadev/underscore-java/blob/4d49fe282626f5904aaa7d5b34fd78524b4932e9/src/main/java/com/github/underscore/U.java#L2551-L2553
How do I generate random integers within a specific range?;https://github.com/knightliao/apollo/blob/d7a283659fa3e67af6375db8969b2d065a8ce6eb/src/main/java/com/github/knightliao/apollo/utils/common/RandomUtil.java#L54-L70
How do I generate random integers within a specific range?;https://github.com/casmi/casmi/blob/90f6514a9cbce0685186e7a92beb69e22a3b11c4/src/main/java/casmi/util/Random.java#L43-L50
How do I generate random integers within a specific range?;https://github.com/biezhi/wechat-api/blob/4d7458a766752673cec956ea7afd956c3cbe7010/src/main/java/io/github/biezhi/wechat/utils/WeChatUtils.java#L180-L183
How do I generate random integers within a specific range?;https://github.com/casmi/casmi/blob/90f6514a9cbce0685186e7a92beb69e22a3b11c4/src/main/java/casmi/util/Random.java#L31-L41
How do I generate random integers within a specific range?;https://github.com/zhangguangyong/codes/blob/5585c17ea46af665582734f399c05dfbba18c30d/codes-common/src/main/java/com/codes/common/util/Randoms.java#L153-L160
How do I generate random integers within a specific range?;https://github.com/jenetics/jenetics/blob/ee516770c65ef529b27deb283f071c85f344eff4/jenetics/src/main/java/io/jenetics/internal/math/random.java#L255-L270
How do I generate random integers within a specific range?;https://github.com/james-hu/jabb-core/blob/bceed441595c5e5195a7418795f03b69fa7b61e4/src/main/java/net/sf/jabb/util/stat/NumberGenerator.java#L55-L74
How do I generate random integers within a specific range?;https://github.com/lessthanoptimal/GeoRegression/blob/c067cd44a4e95bd826119f6e658bd82386ef289f/main/src/georegression/geometry/UtilPoint3D_F64.java#L141-L156
Iterate through a HashMap [duplicate];https://github.com/google/guava/blob/7155d12b70a2406fa84d94d4b8b3bc108e89abfd/guava-gwt/src-super/com/google/common/collect/super/com/google/common/collect/ImmutableSortedMap.java#L164-L185
Iterate through a HashMap [duplicate];https://github.com/google/closure-compiler/blob/d81e36740f6a9e8ac31a825ee8758182e1dc5aae/src/com/google/debugging/sourcemap/SourceMapConsumerV3.java#L190-L216
Iterate through a HashMap [duplicate];https://github.com/yerenkow/javaz/blob/1902ec50b5d6a531d9c5faf99760eacf3d0cbb21/util/src/main/java/org/javaz/util/ObjectDifference.java#L55-L81
Iterate through a HashMap [duplicate];https://github.com/yerenkow/javaz/blob/1902ec50b5d6a531d9c5faf99760eacf3d0cbb21/util/src/main/java/org/javaz/util/ObjectDifference.java#L27-L38
Iterate through a HashMap [duplicate];https://github.com/groovy/groovy-core/blob/01309f9d4be34ddf93c4a9943b5a97843bff6181/src/main/org/codehaus/groovy/transform/EqualsAndHashCodeASTTransformation.java#L115-L157
Iterate through a HashMap [duplicate];https://github.com/apache/groovy/blob/71cf20addb611bb8d097a59e395fd20bc7f31772/src/main/java/org/codehaus/groovy/transform/EqualsAndHashCodeASTTransformation.java#L157-L200
Iterate through a HashMap [duplicate];https://github.com/prestodb/presto/blob/89de5e379d8f85e139d292b0add8c537a2a01a88/presto-thrift-connector/src/main/java/com/facebook/presto/connector/thrift/ThriftTableMetadata.java#L128-L131
Iterate through a HashMap [duplicate];https://github.com/ArcBees/gwtquery/blob/93e02bc8eb030081061c56134ebee1f585981107/samples/src/main/java/gwtquery/samples/client/JsCollectionVsJavaCollection.java#L37-L136
Iterate through a HashMap [duplicate];https://github.com/softindex/datakernel/blob/090ca1116416c14d463d49d275cb1daaafa69c56/boot/src/main/java/io/datakernel/jmx/JmxMBeans.java#L396-L406
Iterate through a HashMap [duplicate];https://github.com/biojava/biojava/blob/a1c71a8e3d40cc32104b1d387a3d3b560b43356e/biojava-core/src/main/java/org/biojava/nbio/core/sequence/template/SequenceMixin.java#L135-L146
How do I efficiently iterate over each entry in a Java Map?;https://github.com/pushbit/sprockets-android/blob/b667fb56bc9cfc9d7587ddcdb3b6bf7d79726882/sprockets/src/main/java/net/sf/sprockets/content/SQLiteContentProvider.java#L152-L205
How do I efficiently iterate over each entry in a Java Map?;https://github.com/alibaba/jstorm/blob/5d6cde22dbca7df3d6e6830bf94f98a6639ab559/jstorm-core/src/main/java/com/alibaba/jstorm/metric/MetricUtils.java#L587-L589
How do I efficiently iterate over each entry in a Java Map?;https://github.com/overturetool/overture/blob/83175dc6c24fa171cde4fcf61ecb648eba3bdbc1/core/ast/src/main/java/org/overture/ast/factory/AstFactory.java#L2757-L2767
How do I efficiently iterate over each entry in a Java Map?;https://github.com/google/closure-templates/blob/cc61e1dff70ae97f24f417a57410081bc498bd56/java/src/com/google/template/soy/jssrc/dsl/StatementList.java#L30-L48
How do I efficiently iterate over each entry in a Java Map?;https://github.com/apache/groovy/blob/71cf20addb611bb8d097a59e395fd20bc7f31772/subprojects/groovy-sql/src/main/java/groovy/sql/Sql.java#L3325-L3327
How do I efficiently iterate over each entry in a Java Map?;https://github.com/apache/groovy/blob/71cf20addb611bb8d097a59e395fd20bc7f31772/src/main/java/org/codehaus/groovy/runtime/DefaultGroovyMethods.java#L3998-L4000
How do I efficiently iterate over each entry in a Java Map?;https://github.com/ujmp/universal-java-matrix-package/blob/b7e1d293adeadaf35d208ffe8884028d6c06b63b/ujmp-jdbc/src/main/java/org/ujmp/jdbc/matrix/JDBCSparseObjectMatrix.java#L143-L160
How do I efficiently iterate over each entry in a Java Map?;https://github.com/landawn/AbacusUtil/blob/544b7720175d15e9329f83dd22a8cc5fa4515e12/src/com/landawn/abacus/util/BooleanList.java#L1336-L1338
How do I efficiently iterate over each entry in a Java Map?;https://github.com/apache/groovy/blob/71cf20addb611bb8d097a59e395fd20bc7f31772/subprojects/groovy-sql/src/main/java/groovy/sql/Sql.java#L3969-L3972
How do I efficiently iterate over each entry in a Java Map?;https://github.com/landawn/AbacusUtil/blob/544b7720175d15e9329f83dd22a8cc5fa4515e12/src/com/landawn/abacus/util/CharList.java#L1467-L1469
How do I convert a String to an int in Java?;https://github.com/lucee/Lucee/blob/29b153fc4e126e5edb97da937f2ee2e231b87593/core/src/main/java/lucee/runtime/java/JavaProxy.java#L91-L98
How do I convert a String to an int in Java?;https://github.com/deeplearning4j/deeplearning4j/blob/effce52f2afd7eeb53c5bcca699fcd90bd06822f/nd4j/nd4j-buffer/src/main/java/org/nd4j/linalg/api/buffer/BaseDataBuffer.java#L1653-L1662
How do I convert a String to an int in Java?;https://github.com/ldp4j/ldp4j/blob/4236dfb3a746be390155c1056bbb5a8d4dccc49f/framework/application/engine/sdk/src/main/java/org/ldp4j/application/sdk/internal/FloatObjectFactory.java#L41-L48
How do I convert a String to an int in Java?;https://github.com/Impetus/Kundera/blob/268958ab1ec09d14ec4d9184f0c8ded7a9158908/src/kundera-redis/src/main/java/com/impetus/client/redis/RedisClient.java#L188-L192
How do I convert a String to an int in Java?;https://github.com/alexscal/snmp2bean/blob/5ecc097fde42f81c004cebe9f74c587af6f8ad76/snmp2bean/src/main/java/com/rogueai/framework/snmp2bean/api/util/SnmpServiceUtil.java#L28-L36
How do I convert a String to an int in Java?;https://github.com/b3log/latke/blob/f7e08a47eeecea5f7c94006382c24f353585de33/latke-core/src/main/java/org/json/JSONObject.java#L538-L556
How do I convert a String to an int in Java?;https://github.com/Terracotta-OSS/offheap-store/blob/600486cddb33c0247025c0cb69eff289eb6d7d93/src/main/java/org/terracotta/offheapstore/util/DebuggingUtils.java#L58-L68
How do I convert a String to an int in Java?;https://github.com/jcodec/jcodec/blob/cd6efa51ef05f409a8ba8cfb7521f4b4f10ccc75/src/main/java/org/jcodec/movtool/MetadataEditorMain.java#L207-L212
How do I convert a String to an int in Java?;https://github.com/biojava/biojava/blob/a1c71a8e3d40cc32104b1d387a3d3b560b43356e/biojava-structure/src/main/java/org/biojava/nbio/structure/io/PDBFileParser.java#L2498-L2506
How do I convert a String to an int in Java?;https://github.com/Activiti/Activiti/blob/82e2b2cd2083b2f734ca0efc7815389c0f2517d9/activiti-engine/src/main/java/org/activiti/engine/impl/util/json/JSONObject.java#L334-L351
Initialization of an ArrayList in one line;https://github.com/netty/netty/blob/ba06eafa1c1824bd154f1a380019e7ea2edf3c4c/buffer/src/main/java/io/netty/buffer/AbstractPooledDerivedByteBuf.java#L57-L78
Initialization of an ArrayList in one line;https://github.com/lessthanoptimal/BoofCV/blob/f01c0243da0ec086285ee722183804d5923bc3ac/main/boofcv-recognition/src/main/java/boofcv/alg/fiducial/qrcode/ReidSolomonCodes.java#L335-L339
Initialization of an ArrayList in one line;https://github.com/netty/netty/blob/ba06eafa1c1824bd154f1a380019e7ea2edf3c4c/buffer/src/main/java/io/netty/buffer/PoolChunk.java#L415-L417
Initialization of an ArrayList in one line;https://github.com/wiselenium/wiselenium/blob/15de6484d8f516b3d02391d3bd6a56a03e632706/wiselenium-factory/src/main/java/com/github/wiselenium/factory/decorator/frame/WiseFrameProxy.java#L98-L103
Initialization of an ArrayList in one line;https://github.com/korpling/ANNIS/blob/152a2e34832e015f73ac8ce8a7d4c32641641324/annis-gui/src/main/java/annis/gui/flatquerybuilder/ReducingStringComparator.java#L50-L63
Initialization of an ArrayList in one line;https://github.com/deeplearning4j/deeplearning4j/blob/effce52f2afd7eeb53c5bcca699fcd90bd06822f/deeplearning4j/deeplearning4j-scaleout/spark/dl4j-spark-nlp/src/main/java/org/deeplearning4j/spark/models/embeddings/word2vec/NegativeHolder.java#L55-L62
Initialization of an ArrayList in one line;https://github.com/netty/netty/blob/ba06eafa1c1824bd154f1a380019e7ea2edf3c4c/buffer/src/main/java/io/netty/buffer/PoolChunk.java#L419-L433
Initialization of an ArrayList in one line;https://github.com/Esri/geometry-api-java/blob/494da8ec953d76e7c6072afbc081abfe48ff07cf/src/main/java/com/esri/core/geometry/RasterizedGeometry2DImpl.java#L259-L347
Initialization of an ArrayList in one line;https://github.com/VoltDB/voltdb/blob/8afc1031e475835344b5497ea9e7203bc95475ac/src/frontend/org/voltdb/StoredProcedureInvocation.java#L457-L501
Initialization of an ArrayList in one line;https://github.com/VoltDB/voltdb/blob/8afc1031e475835344b5497ea9e7203bc95475ac/src/frontend/org/voltcore/messaging/SiteFailureForwardMessage.java#L54-L61
How do I determine whether an array contains a value in Java?;https://github.com/ben-manes/caffeine/blob/4cf6d6e6a18ea2e8088f166261e5949343b0f2eb/caffeine/src/jmh/java/com/github/benmanes/caffeine/cache/impl/ConcurrentHashMapV7.java#L1098-L1148
How do I determine whether an array contains a value in Java?;https://github.com/TimeAndSpaceIO/SmoothieMap/blob/c798f6cae1d377f6913e8821a1fcf5bf45ee0412/src/main/java/net/openhft/smoothie/Segment.java#L490-L502
How do I determine whether an array contains a value in Java?;https://github.com/actorapp/actor-platform/blob/5123c1584757c6eeea0ed2a0e7e043629871a0c6/actor-sdk/sdk-core/core/core-shared/src/main/java/im/actor/core/util/JavaUtil.java#L23-L30
How do I determine whether an array contains a value in Java?;https://github.com/groovy/groovy-core/blob/01309f9d4be34ddf93c4a9943b5a97843bff6181/src/main/org/codehaus/groovy/util/ListHashMap.java#L68-L77
How do I determine whether an array contains a value in Java?;https://github.com/reinert/requestor/blob/40163a75cd17815d5089935d0dd97b8d652ad6d4/requestor/ext/requestor-digest/src/main/java/io/reinert/requestor/auth/DigestAuth.java#L277-L283
How do I determine whether an array contains a value in Java?;https://github.com/flow/commons/blob/0690efdac06fd728fcd7e9cf10f2b1319379c45b/src/main/java/com/flowpowered/commons/concurrent/set/TSyncIntHashSet.java#L146-L154
How do I determine whether an array contains a value in Java?;https://github.com/flow/commons/blob/0690efdac06fd728fcd7e9cf10f2b1319379c45b/src/main/java/com/flowpowered/commons/map/impl/TSyncIntObjectHashMap.java#L171-L179
How do I determine whether an array contains a value in Java?;https://github.com/real-logic/agrona/blob/d1ea76e6e3598cd6a0d34879687652ef123f639b/agrona/src/main/java/org/agrona/collections/ObjectHashSet.java#L296-L313
How do I determine whether an array contains a value in Java?;https://github.com/VoltDB/voltdb/blob/8afc1031e475835344b5497ea9e7203bc95475ac/src/hsqldb19b3/org/hsqldb_voltpatches/store/BaseHashMap.java#L1216-L1257
How do I determine whether an array contains a value in Java?;https://github.com/OpenLiberty/open-liberty/blob/ca725d9903e63645018f9fa8cbda25f60af83a5d/dev/com.ibm.ws.messaging.jms.common/src/com/ibm/wsspi/util/FastSerializableHashMap.java#L478-L492
How do I call one constructor from another in Java?;https://github.com/TNG/ArchUnit/blob/024c5d2502e91de6cb586b86c7084dbd12f3ef37/archunit/src/main/java/com/tngtech/archunit/lang/conditions/ArchConditions.java#L204-L211
How do I call one constructor from another in Java?;https://github.com/gosu-lang/gosu-lang/blob/d6e9261b137ce66fef3726cabe7826d4a1f946b7/gosu-core/src/main/java/gw/internal/gosu/ir/transform/expression/NewExpressionTransformer.java#L375-L410
How do I call one constructor from another in Java?;https://github.com/jkuhnert/ognl/blob/53d51a30c8c299b750dede779d05cb84beee73c3/src/main/java/ognl/OgnlRuntime.java#L1605-L1655
How do I call one constructor from another in Java?;https://github.com/gosu-lang/gosu-lang/blob/d6e9261b137ce66fef3726cabe7826d4a1f946b7/gosu-core/src/main/java/gw/internal/gosu/ir/nodes/IRMethodFactory.java#L66-L68
How do I call one constructor from another in Java?;https://github.com/robolectric/robolectric/blob/4fa79a2c72f8abbf742ab920419653c207b41d62/shadows/framework/src/main/java/org/robolectric/shadows/ShadowLegacyApkAssets.java#L17-L22
How do I call one constructor from another in Java?;https://github.com/gosu-lang/gosu-lang/blob/d6e9261b137ce66fef3726cabe7826d4a1f946b7/gosu-core/src/main/java/gw/internal/gosu/ir/transform/expression/NewExpressionTransformer.java#L169-L210
How do I call one constructor from another in Java?;https://github.com/apache/groovy/blob/71cf20addb611bb8d097a59e395fd20bc7f31772/src/main/java/org/codehaus/groovy/classgen/asm/InvocationWriter.java#L734-L768
How do I call one constructor from another in Java?;https://github.com/apache/groovy/blob/71cf20addb611bb8d097a59e395fd20bc7f31772/src/main/java/org/codehaus/groovy/runtime/callsite/MetaClassConstructorSite.java#L42-L52
How do I call one constructor from another in Java?;https://github.com/powermock/powermock/blob/e8cd68026c284c6a7efe66959809eeebd8d1f9ad/powermock-core/src/main/java/org/powermock/core/MockGateway.java#L108-L115
How do I call one constructor from another in Java?;https://github.com/apache/groovy/blob/71cf20addb611bb8d097a59e395fd20bc7f31772/src/main/java/org/codehaus/groovy/runtime/callsite/ConstructorMetaMethodSite.java#L50-L64
How do I declare and initialize an array in Java?;https://github.com/elki-project/elki/blob/b54673327e76198ecd4c8a2a901021f1a9174498/elki-input/src/main/java/de/lmu/ifi/dbs/elki/datasource/filter/normalization/instancewise/InstanceMeanVarianceNormalization.java#L139-L143
How do I declare and initialize an array in Java?;https://github.com/linkedin/dexmaker/blob/c58ffebcbb2564c7d1fa6fb58b48f351c330296d/dexmaker/src/main/java/com/android/dx/AnnotationId.java#L128-L162
How do I declare and initialize an array in Java?;https://github.com/kiegroup/drools/blob/22b0275d6dbe93070b8090948502cf46eda543c4/drools-core/src/main/java/org/drools/core/reteoo/LeftTupleSource.java#L281-L290
How do I declare and initialize an array in Java?;https://github.com/gosu-lang/gosu-lang/blob/d6e9261b137ce66fef3726cabe7826d4a1f946b7/gosu-core/src/main/java/gw/internal/gosu/parser/BlockClass.java#L62-L76
How do I declare and initialize an array in Java?;https://github.com/overturetool/overture/blob/83175dc6c24fa171cde4fcf61ecb648eba3bdbc1/core/ast/src/main/java/org/overture/ast/factory/AstFactory.java#L327-L331
How do I declare and initialize an array in Java?;https://github.com/immutables/immutables/blob/909fd91fe6065e785f88a31a506554cec2ad7ee4/value-processor/src/org/immutables/value/processor/meta/ValueAttribute.java#L1215-L1222
How do I declare and initialize an array in Java?;https://github.com/kiegroup/drools/blob/22b0275d6dbe93070b8090948502cf46eda543c4/drools-core/src/main/java/org/drools/core/reteoo/BetaNode.java#L218-L230
How do I declare and initialize an array in Java?;https://github.com/unbescape/unbescape/blob/ec5435fb3508c2eed25d8165dc27ded2602cae13/src/main/java/org/unbescape/xml/Xml10EscapeSymbolsInitializer.java#L37-L126
How do I declare and initialize an array in Java?;https://github.com/stephanrauh/AngularFaces/blob/43d915f004645b1bbbf2625214294dab0858ba01/AngularFaces_2.0/AngularFaces-2.0-examples/src/main/java/de/beyondjava/jsf/sample/carshop/DynamicOptionBean.java#L85-L107
How do I declare and initialize an array in Java?;https://github.com/EXIficient/exificient-grammars/blob/d96477062ebdd4245920e44cc1995259699fc7fb/src/main/resources/com/siemens/ct/exi/grammars/persistency/Grammars2JavaSourceCodeTemplate.java#L188-L238
How to get an enum value from a string value in Java?;https://github.com/chhh/MSFTBX/blob/e53ae6be982e2de3123292be7d5297715bec70bb/MSFileToolbox/src/main/java/umich/ms/util/StringUtils.java#L108-L113
How to get an enum value from a string value in Java?;https://github.com/thinkaurelius/titan/blob/ee226e52415b8bf43b700afac75fa5b9767993a5/titan-core/src/main/java/com/thinkaurelius/titan/diskstorage/configuration/ConfigOption.java#L234-L241
How to get an enum value from a string value in Java?;https://github.com/aeshell/aesh-readline/blob/3d7258f6490a422658ec85c8457514390c03232d/readline/src/main/java/org/aesh/readline/terminal/impl/ExecPty.java#L318-L323
How to get an enum value from a string value in Java?;https://github.com/opencb/biodata/blob/21b3d51d71f578efab908422aca4bab7a73097b1/biodata-tools/src/main/java/org/opencb/biodata/tools/variant/converters/avro/VariantContextToVariantConverter.java#L286-L295
How to get an enum value from a string value in Java?;https://github.com/pip-services3-java/pip-services3-commons-java/blob/a8a0c3e5ec58f0663c295aa855c6b3afad2af86a/src/org/pipservices3/commons/data/AnyValueMap.java#L438-L441
How to get an enum value from a string value in Java?;https://github.com/Samsung/GearVRf/blob/05034d465a7b0a494fabb9e9f2971ac19392f32d/GVRf/Extensions/3DCursor/3DCursorLibrary/src/main/java/org/gearvrf/io/cursor3d/XMLUtils.java#L41-L53
How to get an enum value from a string value in Java?;https://github.com/plume-lib/options/blob/1bdd0ac7a1794bdf9dd373e279f69d43395154f0/src/main/java/org/plumelib/options/Options.java#L1460-L1473
How to get an enum value from a string value in Java?;https://github.com/jamesagnew/hapi-fhir/blob/150a84d52fe691b7f48fcb28247c4bddb7aec352/hapi-fhir-structures-dstu/src/main/java/ca/uhn/fhir/model/primitive/BoundCodeableConceptDt.java#L109-L123
How to get an enum value from a string value in Java?;https://github.com/gosu-lang/gosu-lang/blob/d6e9261b137ce66fef3726cabe7826d4a1f946b7/gosu-core/src/main/java/gw/internal/gosu/parser/JavaEnumType.java#L73-L84
How to get an enum value from a string value in Java?;https://github.com/NessComputing/components-ness-jdbi/blob/d446217b6f29b5409e55c5e72172cf0dbeacfec3/src/main/java/com/nesscomputing/jdbi/JdbiMappers.java#L108-L113
What's the simplest way to print a Java array?;https://github.com/Unidata/thredds/blob/d2d68f9eee87f345625211324d71d5dc3e162ee1/dap4/d4lib/src/main/java/dap4/dap4lib/DSPPrinter.java#L194-L232
What's the simplest way to print a Java array?;https://github.com/Unidata/thredds/blob/d2d68f9eee87f345625211324d71d5dc3e162ee1/cdm/src/main/java/ucar/nc2/NCdumpW.java#L486-L521
What's the simplest way to print a Java array?;https://github.com/Unidata/thredds/blob/d2d68f9eee87f345625211324d71d5dc3e162ee1/cdm/src/main/java/ucar/nc2/NCdumpW.java#L437-L473
What's the simplest way to print a Java array?;https://github.com/threerings/playn/blob/c266eeb39188dcada4b00992a0d1199759e03d42/html/src/playn/html/HtmlGLContext.java#L121-L130
What's the simplest way to print a Java array?;https://github.com/EKT/EnhancedOAIServer/blob/09bf94834e9db0ddefec6685b1a2e91702293f53/src/main/java/gr/ekt/oaicatbte/BTECatalog.java#L945-L951
What's the simplest way to print a Java array?;https://github.com/Unidata/thredds/blob/d2d68f9eee87f345625211324d71d5dc3e162ee1/cdm/src/main/java/ucar/nc2/NCdumpW.java#L332-L375
What's the simplest way to print a Java array?;https://github.com/Unidata/thredds/blob/d2d68f9eee87f345625211324d71d5dc3e162ee1/cdm/src/main/java/ucar/nc2/NCdumpW.java#L326-L330
What's the simplest way to print a Java array?;https://github.com/Unidata/thredds/blob/d2d68f9eee87f345625211324d71d5dc3e162ee1/cdm/src/main/java/ucar/nc2/NCdumpW.java#L377-L435
What's the simplest way to print a Java array?;https://github.com/jbossws/jbossws-common/blob/fcff8a3ef9bfe046d6fa8c855a3fe4f62841add7/src/main/java/org/jboss/ws/common/JavaUtils.java#L524-L539
What's the simplest way to print a Java array?;https://github.com/facebookarchive/hadoop-20/blob/2a29bc6ecf30edb1ad8dbde32aa49a317b4d44f4/src/core/org/apache/hadoop/raid/ReedSolomonCode.java#L95-L104
How to generate a random alpha-numeric string?;https://github.com/apache/flink/blob/b62db93bf63cb3bb34dd03d611a779d9e3fc61ac/flink-core/src/main/java/org/apache/flink/util/StringUtils.java#L258-L267
How to generate a random alpha-numeric string?;https://github.com/thymeleaf/thymeleaf/blob/2b0e6d6d7571fbe638904b5fd222fc9e77188879/src/main/java/org/thymeleaf/util/StringUtils.java#L790-L799
How to generate a random alpha-numeric string?;https://github.com/petergeneric/stdlib/blob/d4025d2f881bc0542b1e004c5f65a1ccaf895836/stdlib/src/main/java/com/peterphi/std/types/SimpleId.java#L134-L145
How to generate a random alpha-numeric string?;https://github.com/snowflakedb/snowflake-jdbc/blob/98567b5a57753f29d51446809640b969a099658f/src/main/java/net/snowflake/client/jdbc/SnowflakeUtil.java#L522-L532
How to generate a random alpha-numeric string?;https://github.com/vipshop/vjtools/blob/60c743da35913d72f37f2d79afa90ad2bf73cb89/vjkit/src/main/java/com/vip/vjtools/vjkit/number/RandomUtil.java#L278-L280
How to generate a random alpha-numeric string?;https://github.com/lazy-koala/java-toolkit/blob/f46055fae0cc73049597a3708e515f5c6582d27a/fast-toolkit/src/main/java/com/thankjava/toolkit/core/encrypit/ThreeDES.java#L71-L78
How to generate a random alpha-numeric string?;https://github.com/OpenLiberty/open-liberty/blob/ca725d9903e63645018f9fa8cbda25f60af83a5d/dev/com.ibm.ws.security.common/src/com/ibm/ws/security/common/random/RandomUtils.java#L48-L63
How to generate a random alpha-numeric string?;https://github.com/Alluxio/alluxio/blob/af38cf3ab44613355b18217a3a4d961f8fec3a10/core/common/src/main/java/alluxio/util/CommonUtils.java#L160-L166
How to generate a random alpha-numeric string?;https://github.com/andygibson/datafactory/blob/f748beb93844dea2ad6174715be3b70df0448a9c/src/main/java/org/fluttercode/datafactory/impl/DataFactory.java#L521-L545
How to generate a random alpha-numeric string?;https://github.com/OpenEstate/OpenEstate-IO/blob/f961dae78f40823f05a8c0d4e59d639e718aa18a/Examples/src/main/java/org/openestate/io/examples/utils/RandomStringUtils.java#L83-L87
How to split a string in Java;https://github.com/google/closure-templates/blob/cc61e1dff70ae97f24f417a57410081bc498bd56/java/src/com/google/template/soy/data/restricted/CollectionData.java#L369-L386
How to split a string in Java;https://github.com/raydac/netbeans-mmd-plugin/blob/997493d23556a25354372b6419a64a0fbd0ac6ba/mind-map/mind-map-swing-panel/src/main/java/com/igormaznitsa/mindmap/plugins/exporters/TextExporter.java#L45-L49
How to split a string in Java;https://github.com/google/error-prone-javac/blob/a53d069bbdb2c60232ed3811c19b65e41c3e60e0/src/jdk.jdeps/share/classes/com/sun/tools/jdeprscan/CSV.java#L87-L146
How to split a string in Java;https://github.com/JodaOrg/joda-convert/blob/266bd825f4550590d5dafdf4225c548559e0633b/src/main/java/org/joda/convert/TypeUtils.java#L124-L140
How to split a string in Java;https://github.com/nutzam/nutz/blob/a38694d5cbda2692e7931ab093c168487a6a4bfe/src/org/nutz/lang/Strings.java#L1424-L1497
How to split a string in Java;https://github.com/nakamura5akihito/six-util/blob/a6db388a345e220cea2b1fa6324d15c80c6278b6/src/main/java/jp/go/aist/six/util/search/TextMatchBinding.java#L231-L256
How to split a string in Java;https://github.com/apiman/apiman/blob/8c049c2a2f2e4a69bbb6125686a15edd26f29c21/common/config/src/main/java/io/apiman/common/config/options/AbstractOptions.java#L58-L71
How to split a string in Java;https://github.com/santhosh-tekuri/jlibs/blob/59c28719f054123cf778278154e1b92e943ad232/apt/src/main/java/jlibs/core/lang/model/ModelUtil.java#L275-L285
How to split a string in Java;https://github.com/dihedron/dihedron-commons/blob/a5194cdaa0d6417ef4aade6ea407a1cad6e8458e/src/main/java/org/dihedron/core/strings/Strings.java#L219-L228
How to split a string in Java;https://github.com/lucee/Lucee/blob/29b153fc4e126e5edb97da937f2ee2e231b87593/core/src/main/java/lucee/runtime/osgi/ManifestUtil.java#L119-L126
Sort a Map<Key. Value> by values;https://github.com/teatrove/teatrove/blob/7039bdd4da6817ff8c737f7e4e07bac7e3ad8bea/teaapps/src/main/java/org/teatrove/teaapps/contexts/SortContext.java#L81-L86
Sort a Map<Key. Value> by values;https://github.com/alkacon/opencms-core/blob/bc104acc75d2277df5864da939a1f2de5fdee504/src-gwt/org/opencms/ade/galleries/client/CmsGalleryController.java#L1453-L1480
Sort a Map<Key. Value> by values;https://github.com/jaxio/celerio/blob/fbfacb639e286f9f3f3a18986f74ea275bebd887/celerio-engine/src/main/java/com/jaxio/celerio/util/support/AbstractListHolder.java#L204-L209
Sort a Map<Key. Value> by values;https://github.com/Omertron/api-themoviedb/blob/bf132d7c7271734e13b58ba3bc92bba46f220118/src/main/java/com/omertron/themoviedbapi/model/discover/Discover.java#L85-L88
Sort a Map<Key. Value> by values;https://github.com/astrapi69/jaulp-wicket/blob/85d74368d00abd9bb97659b5794e38c0f8a013d4/jaulp-wicket-data-provider/src/main/java/de/alpharogroup/wicket/data/provider/AbstractSortableDataProvider.java#L193-L203
Sort a Map<Key. Value> by values;https://github.com/teatrove/teatrove/blob/7039bdd4da6817ff8c737f7e4e07bac7e3ad8bea/teaapps/src/main/java/org/teatrove/teaapps/contexts/SortContext.java#L633-L635
Sort a Map<Key. Value> by values;https://github.com/neo4j-contrib/neo4j-apoc-procedures/blob/e8386975d1c512c0e4388a1a61f5496121c04f86/src/main/java/apoc/coll/Coll.java#L473-L482
Sort a Map<Key. Value> by values;https://github.com/wcm-io/wcm-io-tooling/blob/1abcd01dd3ad4cc248f03b431f929573d84fa9b4/commons/crx-packmgr-helper/src/main/java/io/wcm/tooling/commons/packmgr/unpack/ContentUnpacker.java#L369-L386
Sort a Map<Key. Value> by values;https://github.com/liquibase/liquibase/blob/86a3b30fa6821ac981056f252f918557f5ebcc60/liquibase-core/src/main/java/liquibase/diff/output/changelog/DiffToChangeLog.java#L230-L232
Sort a Map<Key. Value> by values;https://github.com/fhoeben/hsac-fitnesse-fixtures/blob/4e9018d7386a9aa65bfcbf07eb28ae064edd1732/src/main/java/nl/hsac/fitnesse/fixture/util/JsonHelper.java#L88-L98
How do I create a Java string from the contents of a file?;https://github.com/rundeck/rundeck/blob/8070f774f55bffaa1118ff0c03aea319d40a9668/core/src/main/java/com/dtolabs/rundeck/core/authorization/providers/PoliciesCache.java#L155-L157
How do I create a Java string from the contents of a file?;https://github.com/hyperledger/fabric-sdk-java/blob/4a2d7b3408b8b0a1ed812aa36942c438159c37a0/src/main/java/org/hyperledger/fabric/sdk/helper/DiagnosticFileDumper.java#L96-L100
How do I create a Java string from the contents of a file?;https://github.com/biezhi/excel-plus/blob/7591a6283c2801b46ab53daf7f312f16a44cb773/src/main/java/io/github/biezhi/excel/plus/Reader.java#L99-L105
How do I create a Java string from the contents of a file?;https://github.com/jenkinsci/jenkins/blob/44c4d3989232082c254d27ae360aa810669f44b7/core/src/main/java/hudson/FilePath.java#L1412-L1414
How do I create a Java string from the contents of a file?;https://github.com/j-a-w-r/jawr-main-repo/blob/5381f6acf461cd2502593c67a77bd6ef9eab848d/jawr/jawr-core/src/main/java/net/jawr/web/resource/handler/bundle/AbstractResourceBundleHandler.java#L204-L226
How do I create a Java string from the contents of a file?;https://github.com/flapdoodle-oss/de.flapdoodle.embed.process/blob/c6eebcf6705372ab15d4c438dcefcd50ffbde6d0/src/main/java/de/flapdoodle/embed/process/io/directories/PropertyOrTempDirInPlatformTempDir.java#L33-L40
How do I create a Java string from the contents of a file?;https://github.com/fuzzylite/jfuzzylite/blob/583ac1928f39512af75de80d560e67448039595a/jfuzzylite/src/main/java/com/fuzzylite/imex/Importer.java#L56-L71
How do I create a Java string from the contents of a file?;https://github.com/moparisthebest/beehive/blob/4246a0cc40ce3c05f1a02c2da2653ac622703d77/beehive-netui-compiler/src/main/java/org/apache/beehive/netui/compiler/typesystem/impl/env/FilerImpl.java#L43-L47
How do I create a Java string from the contents of a file?;https://github.com/windup/windup/blob/6668f09e7f012d24a0b4212ada8809417225b2ad/rules-base/api/src/main/java/org/jboss/windup/rules/files/condition/File.java#L61-L66
How do I create a Java string from the contents of a file?;https://github.com/shrinkwrap/resolver/blob/e881a84b8cff5b0a014f2a5ebf612be3eb9db01f/maven/impl-maven/src/main/java/org/jboss/shrinkwrap/resolver/impl/maven/ConfigurableMavenResolverSystemBaseImpl.java#L80-L87
How can I convert a stack trace to a string?;https://github.com/diffplug/durian/blob/10631a3480e5491eb6eb6ee06e752d8596914232/src/com/diffplug/common/base/StackDumper.java#L109-L123
How can I convert a stack trace to a string?;https://github.com/twitter/cloudhopper-commons/blob/b5bc397dbec4537e8149e7ec0733c1d7ed477499/ch-commons-util/src/main/java/com/cloudhopper/commons/util/StackTraceUtil.java#L42-L57
How can I convert a stack trace to a string?;https://github.com/vipshop/vjtools/blob/60c743da35913d72f37f2d79afa90ad2bf73cb89/vjkit/src/main/java/com/vip/vjtools/vjkit/base/ExceptionUtil.java#L94-L98
How can I convert a stack trace to a string?;https://github.com/sbt/junit-interface/blob/ffcf7c3f393d0b9c0c6399281ea1b55701a83aea/src/main/java/com/novocode/junit/RichLogger.java#L131-L150
How can I convert a stack trace to a string?;https://github.com/luontola/jumi/blob/18815c499b770f51cdb58cc6720dca4f254b2019/jumi-launcher/src/main/java/fi/jumi/launcher/ui/TextUI.java#L203-L207
How can I convert a stack trace to a string?;https://github.com/OpenLiberty/open-liberty/blob/ca725d9903e63645018f9fa8cbda25f60af83a5d/dev/com.ibm.ws.jca.cm/src/com/ibm/ejs/j2c/CommonFunction.java#L176-L188
How can I convert a stack trace to a string?;https://github.com/analogweb/core/blob/14c25b0c2cfbdcf3c452b755e4bab7a003ec63ad/src/main/java/org/analogweb/core/DefaultExceptionHandler.java#L46-L52
How can I convert a stack trace to a string?;https://github.com/boonproject/boon/blob/9bc6870dbe5dd58c45c18d8edb493e8efc089463/boon/src/main/java/org/boon/Exceptions.java#L465-L501
How can I convert a stack trace to a string?;https://github.com/prestodb/presto/blob/89de5e379d8f85e139d292b0add8c537a2a01a88/presto-client/src/main/java/com/facebook/presto/client/FailureInfo.java#L124-L142
How can I convert a stack trace to a string?;https://github.com/deephacks/confit/blob/4e6d4ee5fed32cbc5104433e61de1bcf1b360832/core/src/main/java/org/deephacks/confit/internal/core/property/typesafe/impl/ResolveContext.java#L83-L93
Fastest way to determine if an integer's square root is an integer;https://github.com/spotbugs/spotbugs/blob/f6365c6eea6515035bded38efa4a7c8b46ccf28c/spotbugs/src/main/java/edu/umd/cs/findbugs/detect/FindFloatEquality.java#L87-L93
Fastest way to determine if an integer's square root is an integer;https://github.com/jtwig/jtwig-core/blob/4ec125756e2883ce51114747b9beef93b8a1b15b/src/main/java/org/jtwig/functions/impl/logical/EmptyFunction.java#L27-L31
Fastest way to determine if an integer's square root is an integer;https://github.com/mlhartme/ssass/blob/9e488c46caf3fef99f5a9d34a1e8135a0dbb5828/src/main/java/net/oneandone/ssass/scss/Term.java#L35-L45
Fastest way to determine if an integer's square root is an integer;https://github.com/jpmml/jpmml-evaluator/blob/ac8a48775877b6fa9dbc5f259871f3278489cc61/pmml-evaluator/src/main/java/org/jpmml/evaluator/VerificationUtil.java#L67-L70
Fastest way to determine if an integer's square root is an integer;https://github.com/seancfoley/IPAddress/blob/90493d0673511d673100c36d020dd93dd870111a/IPAddress/src/inet.ipaddr/inet/ipaddr/format/AddressDivisionGroupingBase.java#L578-L587
Fastest way to determine if an integer's square root is an integer;https://github.com/facebookarchive/hadoop-20/blob/2a29bc6ecf30edb1ad8dbde32aa49a317b4d44f4/src/mapred/org/apache/hadoop/mapred/lib/KeyFieldBasedComparator.java#L299-L327
Fastest way to determine if an integer's square root is an integer;https://github.com/GojaFramework/goja/blob/77179b495f668fc1fa20accc912991df6bb2d917/goja-core/src/main/java/goja/core/Validator.java#L212-L215
Fastest way to determine if an integer's square root is an integer;https://github.com/trimou/trimou/blob/ae45d77d4bd8b2c71b41006908b8a0a784ad9058/core/src/main/java/org/trimou/util/Checker.java#L103-L111
Fastest way to determine if an integer's square root is an integer;https://github.com/JodaOrg/joda-time/blob/bd79f1c4245e79b3c2c56d7b04fde2a6e191fa42/src/main/java/org/joda/time/Partial.java#L710-L721
Fastest way to determine if an integer's square root is an integer;https://github.com/MutabilityDetector/MutabilityDetector/blob/36014d2f9e45cf0cc6d67b81395942cd39c4f6ae/src/main/java/org/mutabilitydetector/checkers/settermethod/DefaultUnknownTypeValue.java#L151-L166
How do I create a file and write to it in Java?;https://github.com/OpenLiberty/open-liberty/blob/ca725d9903e63645018f9fa8cbda25f60af83a5d/dev/wlp.lib.extract/src/wlp/lib/extract/ShutdownHook.java#L151-L166
How do I create a file and write to it in Java?;https://github.com/strator-dev/greenpepper/blob/2a61e6c179b74085babcc559d677490b0cad2d30/greenpepper/greenpepper-client/src/main/java/com/greenpepper/util/IOUtils.java#L25-L43
How do I create a file and write to it in Java?;https://github.com/btaz/data-util/blob/f01de64854c456a88a31ffbe8bac6d605151b496/src/main/java/com/btaz/util/unit/ResourceUtil.java#L94-L103
How do I create a file and write to it in Java?;https://github.com/OpenLiberty/open-liberty/blob/ca725d9903e63645018f9fa8cbda25f60af83a5d/dev/wlp.lib.extract/src/wlp/lib/extract/ShutdownHook.java#L175-L189
How do I create a file and write to it in Java?;https://github.com/jblas-project/jblas/blob/2818f231228e655cda80dfd8e0b87709fdfd8a70/src/main/java/org/jblas/util/LibraryLoader.java#L249-L282
How do I create a file and write to it in Java?;https://github.com/google/error-prone-javac/blob/a53d069bbdb2c60232ed3811c19b65e41c3e60e0/src/jdk.compiler/share/classes/com/sun/tools/javac/processing/JavacFiler.java#L737-L745
How do I create a file and write to it in Java?;https://github.com/BlueBrain/bluima/blob/793ea3f46761dce72094e057a56cddfa677156ae/modules/bluima_utils/src/main/java/ch/epfl/bbp/uima/annotationviewer/BlueAnnotationViewGenerator.java#L178-L208
How do I create a file and write to it in Java?;https://github.com/indeedeng/util/blob/332008426cf14b57e7fc3e817d9423e3f84fb922/io/src/main/java/com/indeed/util/io/Files.java#L159-L199
How do I create a file and write to it in Java?;https://github.com/kiswanij/jk-util/blob/8e0c85818423406f769444c76194a748e0a0fc0a/src/main/java/com/jk/util/JKIOUtil.java#L464-L477
How do I create a file and write to it in Java?;https://github.com/netty/netty/blob/ba06eafa1c1824bd154f1a380019e7ea2edf3c4c/codec-http2/src/main/java/io/netty/handler/codec/http2/HpackEncoder.java#L101-L108
How can I concatenate two arrays in Java?;https://github.com/landawn/AbacusUtil/blob/544b7720175d15e9329f83dd22a8cc5fa4515e12/src/com/landawn/abacus/util/Array.java#L1138-L1153
How can I concatenate two arrays in Java?;https://github.com/primefaces/primefaces/blob/b8cdd5ed395d09826e40e3302d6b14901d3ef4e7/src/main/java/org/primefaces/util/LangUtils.java#L71-L79
How can I concatenate two arrays in Java?;https://github.com/samskivert/samskivert/blob/a64d9ef42b69819bdb2c66bddac6a64caef928b6/src/main/java/com/samskivert/util/ArrayUtil.java#L856-L862
How can I concatenate two arrays in Java?;https://github.com/tvesalainen/lpg/blob/0917b8d295e9772b9f8a0affc258a08530cd567a/src/main/java/org/vesalainen/parser/util/Input.java#L847-L854
How can I concatenate two arrays in Java?;https://github.com/milaboratory/milib/blob/2349b3dccdd3c7948643760e570238d6e30d5a34/src/main/java/com/milaboratory/util/ArraysUtils.java#L77-L82
How can I concatenate two arrays in Java?;https://github.com/milaboratory/milib/blob/2349b3dccdd3c7948643760e570238d6e30d5a34/src/main/java/com/milaboratory/core/mutations/Mutations.java#L267-L273
How can I concatenate two arrays in Java?;https://github.com/shrinkwrap/shrinkwrap/blob/3f8a1a6d344651428c709a63ebb52d35343c5387/api/src/main/java/org/jboss/shrinkwrap/api/nio2/file/SeekableInMemoryByteChannel.java#L168-L181
How can I concatenate two arrays in Java?;https://github.com/LapisSea/JLapisUtility/blob/e3c48464bb321073fecea9f3707a448aa9e63e5c/src/com/lapissea/util/UtilL.java#L555-L566
How can I concatenate two arrays in Java?;https://github.com/prestodb/presto/blob/89de5e379d8f85e139d292b0add8c537a2a01a88/presto-main/src/main/java/com/facebook/presto/operator/aggregation/NumericHistogram.java#L238-L242
How can I concatenate two arrays in Java?;https://github.com/LearnLib/automatalib/blob/8a462ec52f6eaab9f8996e344f2163a72cb8aa6e/api/src/main/java/net/automatalib/words/Word.java#L576-L580
How to round a number to n decimal places in Java;https://github.com/apache/flink/blob/b62db93bf63cb3bb34dd03d611a779d9e3fc61ac/flink-table/flink-table-runtime-blink/src/main/java/org/apache/flink/table/dataformat/Decimal.java#L449-L464
How to round a number to n decimal places in Java;https://github.com/impossibl/stencil/blob/4aac1be605542b4248be95bf8916be4e2f755d1c/engine/src/main/java/com/impossibl/stencil/engine/internal/StencilOperands.java#L100-L108
How to round a number to n decimal places in Java;https://github.com/incodehq-legacy/incode-module-base/blob/8dfbf946c26423adf6d3e751698968b035c4ef11/dom/src/main/java/org/incode/module/base/dom/utils/MathUtils.java#L31-L34
How to round a number to n decimal places in Java;https://github.com/OpenLiberty/open-liberty/blob/ca725d9903e63645018f9fa8cbda25f60af83a5d/dev/com.ibm.ws.kernel.service/src/com/ibm/ws/kernel/service/util/CpuInfo.java#L217-L221
How to round a number to n decimal places in Java;https://github.com/killbill/killbill/blob/6457b485fb32a182c76197a83f428123331f1380/util/src/main/java/org/killbill/billing/util/DefaultAmountFormatter.java#L29-L35
How to round a number to n decimal places in Java;https://github.com/Appendium/objectlabkit/blob/cd649bce7a32e4e926520e62cb765f3b1d451594/utils/src/main/java/net/objectlab/kit/util/BigDecimalUtil.java#L397-L399
How to round a number to n decimal places in Java;https://github.com/google/j2objc/blob/471504a735b48d5d4ace51afa1542cc4790a921a/jre_emul/openjdk/src/share/classes/java/math/BigDecimal.java#L3079-L3096
How to round a number to n decimal places in Java;https://github.com/CloudSlang/cs-actions/blob/9a1be1e99ad88286a6c153d5f2275df6ae1a57a1/cs-lists/src/main/java/io/cloudslang/content/utils/ListProcessor.java#L277-L283
How to round a number to n decimal places in Java;https://github.com/vkostyukov/la4j/blob/dd1b917caf9606399a49afa6b0d738934cd3a7b3/src/main/java/org/la4j/Matrix.java#L833-L843
How to round a number to n decimal places in Java;https://github.com/citygml4j/citygml4j/blob/9155997d5ecf7e8f19411a02ba047f13375b97b9/src/main/java/org/citygml4j/builder/cityjson/marshal/util/DefaultTextureVerticesBuilder.java#L88-L90
Convert ArrayList<String> to String[] array;https://github.com/OpenLiberty/open-liberty/blob/ca725d9903e63645018f9fa8cbda25f60af83a5d/dev/com.ibm.ws.security.token.ltpa/src/com/ibm/ws/security/token/ltpa/internal/LTPATokenizer.java#L176-L189
Convert ArrayList<String> to String[] array;https://github.com/spring-projects/spring-data-solr/blob/20be5cb82498b70134dfda6c1a91ad21f8e657e0/src/main/java/org/springframework/data/solr/core/DefaultQueryParser.java#L547-L552
Convert ArrayList<String> to String[] array;https://github.com/pressgang-ccms/PressGangCCMSCommonUtilities/blob/5ebf5ed30a94c34c33f4708caa04a8da99cbb15c/src/main/java/org/jboss/pressgang/ccms/utils/common/CollectionUtilities.java#L65-L70
Convert ArrayList<String> to String[] array;https://github.com/lucee/Lucee/blob/29b153fc4e126e5edb97da937f2ee2e231b87593/core/src/main/java/lucee/runtime/type/util/ListUtil.java#L1484-L1491
Convert ArrayList<String> to String[] array;https://github.com/ModeShape/modeshape/blob/794cfdabb67a90f24629c4fff0424a6125f8f95b/sequencers/modeshape-sequencer-wsdl/src/main/java/org/modeshape/sequencer/wsdl/Wsdl11Reader.java#L964-L973
Convert ArrayList<String> to String[] array;https://github.com/hoverruan/weiboclient4j/blob/80556b1ce40ee4dc063b977f885792efb6307547/src/main/java/weiboclient4j/utils/StringUtils.java#L39-L46
Convert ArrayList<String> to String[] array;https://github.com/enasequence/sequencetools/blob/4127f5e1a17540239f5810136153fbd6737fa262/src/main/java/uk/ac/ebi/embl/api/validation/helper/Utils.java#L113-L119
Convert ArrayList<String> to String[] array;https://github.com/OpenLiberty/open-liberty/blob/ca725d9903e63645018f9fa8cbda25f60af83a5d/dev/com.ibm.ws.security.token.ltpa/src/com/ibm/ws/security/token/ltpa/internal/LTPATokenizer.java#L198-L211
Convert ArrayList<String> to String[] array;https://github.com/drinkjava2/jDialects/blob/1c165f09c6042a599b681c279024abcc1b848b88/core/src/main/java/com/github/drinkjava2/jdialects/ArrayUtils.java#L60-L64
Convert ArrayList<String> to String[] array;https://github.com/erizet/SignalA/blob/d33bf49dbcf7249f826c5dbb3411cfe4f5d97dd4/SignalA/src/main/java/com/zsoft/signala/Transport/TransportHelper.java#L212-L226
Sort ArrayList of custom Objects by property;https://github.com/kiegroup/droolsjbpm-integration/blob/6c26200ab03855dbb92b56ca0c6363cdec0eaf2c/kie-server-parent/kie-server-router/kie-server-router-proxy/src/main/java/org/kie/server/router/proxy/aggragate/JSONResponseAggregator.java#L178-L226
Sort ArrayList of custom Objects by property;https://github.com/wcm-io/wcm-io-tooling/blob/1abcd01dd3ad4cc248f03b431f929573d84fa9b4/commons/crx-packmgr-helper/src/main/java/io/wcm/tooling/commons/packmgr/unpack/ContentUnpacker.java#L369-L386
Sort ArrayList of custom Objects by property;https://github.com/teatrove/teatrove/blob/7039bdd4da6817ff8c737f7e4e07bac7e3ad8bea/teaapps/src/main/java/org/teatrove/teaapps/contexts/SortContext.java#L633-L635
Sort ArrayList of custom Objects by property;https://github.com/teatrove/teatrove/blob/7039bdd4da6817ff8c737f7e4e07bac7e3ad8bea/teaapps/src/main/java/org/teatrove/teaapps/contexts/SortContext.java#L653-L656
Sort ArrayList of custom Objects by property;https://github.com/teatrove/teatrove/blob/7039bdd4da6817ff8c737f7e4e07bac7e3ad8bea/teaapps/src/main/java/org/teatrove/teaapps/contexts/SortContext.java#L623-L625
Sort ArrayList of custom Objects by property;https://github.com/cloudinary/cloudinary_java/blob/58ee1823180da2dea6a2eb7e5cf00d5a760f8aef/cloudinary-core/src/main/java/com/cloudinary/Search.java#L52-L57
Sort ArrayList of custom Objects by property;https://github.com/alkacon/opencms-core/blob/bc104acc75d2277df5864da939a1f2de5fdee504/src/org/opencms/search/solr/CmsSolrQuery.java#L223-L231
Sort ArrayList of custom Objects by property;https://github.com/zhangguangyong/codes/blob/5585c17ea46af665582734f399c05dfbba18c30d/codes-persistent-hibernate/src/main/java/com/codes/persistence/hibernate/domain/Sort.java#L22-L25
Sort ArrayList of custom Objects by property;https://github.com/teatrove/teatrove/blob/7039bdd4da6817ff8c737f7e4e07bac7e3ad8bea/teaapps/src/main/java/org/teatrove/teaapps/contexts/SortContext.java#L81-L86
Sort ArrayList of custom Objects by property;https://github.com/jaxio/celerio/blob/fbfacb639e286f9f3f3a18986f74ea275bebd887/celerio-engine/src/main/java/com/jaxio/celerio/util/support/AbstractListHolder.java#L204-L209
How can I initialise a static Map?;https://github.com/kiegroup/droolsjbpm-integration/blob/6c26200ab03855dbb92b56ca0c6363cdec0eaf2c/kie-server-parent/kie-server-api/src/main/java/org/kie/server/api/marshalling/json/JSONMarshaller.java#L259-L268
How can I initialise a static Map?;https://github.com/BrunoEberhard/minimal-j/blob/f7c5461b2b47a10b383aee1e2f1f150f6773703b/ext/rest/src/main/java/org/minimalj/rest/RestHTTPD.java#L58-L66
How can I initialise a static Map?;https://github.com/satoshi-kimura/samurai-dao/blob/321729d8928f8e83eede6cb08e4bd7f7a24e9b94/src/main/java/jp/dodododo/dao/dialect/DialectManager.java#L36-L51
How can I initialise a static Map?;https://github.com/opensourceBIM/BIMserver/blob/116803c3047d1b32217366757cee1bb3880fda63/BimServer/src/org/bimserver/database/queries/QueryObjectProvider.java#L128-L136
How can I initialise a static Map?;https://github.com/liukefeng2008/http-client-proxy/blob/b8a9e3e02a487d40d4f56bc2f4e44518d222e52b/http-client-core/src/main/java/com/ifengxue/http/parser/BeanParserFactory.java#L58-L62
How can I initialise a static Map?;https://github.com/synchronoss/cpo-api/blob/dc745aca3b3206abf80b85d9689b0132f5baa694/cpo-cassandra/src/main/java/org/synchronoss/cpo/cassandra/meta/CassandraCpoAttribute.java#L62-L77
How can I initialise a static Map?;https://github.com/E7du/jfinal-ext3/blob/8ffcbd150fd50c72852bb778bd427b5eb19254dc/src/main/java/com/jfinal/ext/kit/FastJsonKit.java#L77-L79
How can I initialise a static Map?;https://github.com/synchronoss/cpo-api/blob/dc745aca3b3206abf80b85d9689b0132f5baa694/cpo-core/src/main/java/org/synchronoss/cpo/meta/domain/CpoAttribute.java#L250-L286
How can I initialise a static Map?;https://github.com/synchronoss/cpo-api/blob/dc745aca3b3206abf80b85d9689b0132f5baa694/cpo-jdbc/src/main/java/org/synchronoss/cpo/jdbc/JdbcCpoAttribute.java#L79-L96
How can I initialise a static Map?;https://github.com/spring-projects/spring-data-solr/blob/20be5cb82498b70134dfda6c1a91ad21f8e657e0/src/main/java/org/springframework/data/solr/core/SolrTemplate.java#L634-L644
How to directly initialize a HashMap (in a literal way)?;https://github.com/mozilla/rhino/blob/fa8a86df11d37623f5faa8d445a5876612bc47b0/src/org/mozilla/javascript/Kit.java#L312-L323
How to directly initialize a HashMap (in a literal way)?;https://github.com/FudanNLP/fnlp/blob/ce258f3e4a5add2ba0b5e4cbac7cab2190af6659/fnlp-core/src/main/java/org/fnlp/nlp/similarity/train/WordSimilarity.java#L103-L108
How to directly initialize a HashMap (in a literal way)?;https://github.com/trajano/caliper/blob/a8bcfd84fa9d7b893b3edfadc3b13240ae5cd658/caliper/src/main/java/com/google/caliper/model/InstrumentSpec.java#L109-L119
How to directly initialize a HashMap (in a literal way)?;https://github.com/OpenHFT/Chronicle-Map/blob/0b09733cc96302f96be4394a261699eeb021fe37/src/main/java/net/openhft/chronicle/hash/impl/stage/iter/IterationKeyHashCode.java#L42-L50
How to directly initialize a HashMap (in a literal way)?;https://github.com/trimou/trimou/blob/ae45d77d4bd8b2c71b41006908b8a0a784ad9058/core/src/main/java/org/trimou/handlebars/Helpers.java#L70-L80
How to directly initialize a HashMap (in a literal way)?;https://github.com/trimou/trimou/blob/ae45d77d4bd8b2c71b41006908b8a0a784ad9058/core/src/main/java/org/trimou/handlebars/Helpers.java#L90-L93
How to directly initialize a HashMap (in a literal way)?;https://github.com/goldmansachs/reladomo/blob/e9a069452eece7a6ef9551caf81a69d3d9a3d990/reladomo/src/main/java/com/gs/fw/common/mithra/MithraPrimaryKeyGenerator.java#L47-L70
How to directly initialize a HashMap (in a literal way)?;https://github.com/trajano/caliper/blob/a8bcfd84fa9d7b893b3edfadc3b13240ae5cd658/caliper/src/main/java/com/google/caliper/model/Scenario.java#L106-L117
How to directly initialize a HashMap (in a literal way)?;https://github.com/jtablesaw/tablesaw/blob/68a75b4098ac677e9486df5572cf13ec39f9f701/core/src/main/java/tech/tablesaw/io/jdbc/SqlResultSetReader.java#L44-L73
How to directly initialize a HashMap (in a literal way)?;https://github.com/trajano/caliper/blob/a8bcfd84fa9d7b893b3edfadc3b13240ae5cd658/caliper/src/main/java/com/google/caliper/model/Host.java#L99-L103
How to create a generic array in Java?;https://github.com/wwadge/bonecp/blob/74bc3287025fc137ca28909f0f7693edae37a15d/bonecp/src/main/java/com/jolbox/bonecp/ConnectionHandle.java#L633-L644
How to create a generic array in Java?;https://github.com/VoltDB/voltdb/blob/8afc1031e475835344b5497ea9e7203bc95475ac/src/frontend/org/voltdb/jdbc/JDBC4Connection.java#L105-L110
How to create a generic array in Java?;https://github.com/wisdom-framework/wisdom/blob/a35b6431200fec56b178c0ff60837ed73fd7874d/core/content-manager/src/main/java/org/wisdom/content/converters/ParamConverterEngine.java#L209-L236
How to create a generic array in Java?;https://github.com/cchantep/acolyte/blob/a383dff20fadc08ec9306f2f1f24b2a7e0047449/jdbc-driver/src/main/java/acolyte/jdbc/Connection.java#L690-L708
How to create a generic array in Java?;https://github.com/copper-engine/copper-engine/blob/92acf748a1be3d2d49e86b04e180bd19b1745c15/projects/copper-coreengine/src/main/java/org/copperengine/core/persistent/OracleUtil.java#L74-L76
How to create a generic array in Java?;https://github.com/querydsl/querydsl/blob/2bf234caf78549813a1e0f44d9c30ecc5ef734e3/querydsl-core/src/main/java/com/querydsl/core/types/dsl/BeanPath.java#L127-L129
How to create a generic array in Java?;https://github.com/Carbonado/Carbonado/blob/eee29b365a61c8f03e1a1dc6bed0692e6b04b1db/src/main/java/com/amazon/carbonado/repo/jdbc/LoggingConnection.java#L318-L320
How to create a generic array in Java?;https://github.com/elastic/elasticsearch-hadoop/blob/f3acaba268ff96efae8eb946088c748c777c22cc/mr/src/main/java/org/elasticsearch/hadoop/mr/WritableValueReader.java#L36-L89
How to create a generic array in Java?;https://github.com/alipay/sofa-hessian/blob/89e4f5af28602101dab7b498995018871616357b/src/main/java/com/caucho/hessian/io/ArrayDeserializer.java#L157-L163
How to create a generic array in Java?;https://github.com/VoltDB/voltdb/blob/8afc1031e475835344b5497ea9e7203bc95475ac/src/hsqldb19b3/org/hsqldb_voltpatches/jdbc/JDBCConnection.java#L3037-L3043
How to parse JSON in Java;https://github.com/netplex/json-smart-v2/blob/bfb3daef039e22a7bbff5f76bf14ea23330cd70e/json-smart/src/main/java/net/minidev/json/JSONValue.java#L279-L285
How to parse JSON in Java;https://github.com/drapostolos/type-parser/blob/74c66311f8dd009897c74ab5069e36c045cda073/src/main/java/com/github/drapostolos/typeparser/TypeParser.java#L68-L80
How to parse JSON in Java;https://github.com/pulse00/Composer-Java-Bindings/blob/0aa572567db37d047a41a57c32ede7c7fd5d4938/java-api/src/main/java/com/dubture/getcomposer/core/entities/JsonEntity.java#L179-L182
How to parse JSON in Java;https://github.com/kiegroup/droolsjbpm-tools/blob/05e1f73c591178360a198dca29f99d73918991db/drools-eclipse/org.kie.eclipse/src/main/java/com/eclipsesource/json/JsonParser.java#L59-L68
How to parse JSON in Java;https://github.com/peter-lawrey/SAXophone/blob/b122a09daece921fda811acabd18fcd9c84afe14/saxophone/src/main/java/net/openhft/saxophone/json/JsonParser.java#L326-L703
How to parse JSON in Java;https://github.com/dyu/protostuff-1.0.x/blob/d7c964ec20da3fe44699d86ee95c2677ddffde96/protostuff-model-json/src/main/java/com/dyuproject/protostuff/json/ProtobufJSON.java#L110-L129
How to parse JSON in Java;https://github.com/boonproject/boon/blob/9bc6870dbe5dd58c45c18d8edb493e8efc089463/boon/src/main/java/org/boon/json/implementation/JsonBaseByteArrayParser.java#L210-L213
How to parse JSON in Java;https://github.com/ArcBees/gwtquery/blob/93e02bc8eb030081061c56134ebee1f585981107/gwtquery-core/src/main/java/com/google/gwt/query/client/builders/JsonBuilderBase.java#L42-L46
How to parse JSON in Java;https://github.com/bbottema/simple-java-mail/blob/b03635328aeecd525e35eddfef8f5b9a184559d8/modules/cli-module/src/main/java/org/simplejavamail/internal/clisupport/CliCommandLineConsumer.java#L96-L106
How to parse JSON in Java;https://github.com/comapi/comapi-sdk-android/blob/53140a58d5a62afe196047ccc5120bfe090ef211/COMAPI/foundation/src/main/java/com/comapi/internal/Parser.java#L50-L52
Converting array to list in Java;https://github.com/kevinsawicki/http-request/blob/2d62a3e9da726942a93cf16b6e91c0187e6c0136/lib/src/main/java/com/github/kevinsawicki/http/HttpRequest.java#L835-L858
Converting array to list in Java;https://github.com/apache/groovy/blob/71cf20addb611bb8d097a59e395fd20bc7f31772/src/main/java/org/codehaus/groovy/runtime/typehandling/DefaultTypeTransformation.java#L482-L484
Converting array to list in Java;https://github.com/dreamhead/moco/blob/83b0fbb9c505e327de6720cff55e7b18078f2aa9/moco-core/src/main/java/com/github/dreamhead/moco/util/Maps.java#L27-L35
Converting array to list in Java;https://github.com/makeandbuild/vessl/blob/3ffc92e691fb96c1873bd82d8bb2dd0e52753acf/src/main/java/com/makeandbuild/vessl/persistence/jdbc/BaseDaoImpl.java#L230-L236
Converting array to list in Java;https://github.com/mebigfatguy/fb-contrib/blob/3b5203196f627b399fbcea3c2ab2b1f4e56cc7b8/src/samples/java/ex/NPMC_Sample.java#L43-L50
Converting array to list in Java;https://github.com/cloudinary/cloudinary_java/blob/58ee1823180da2dea6a2eb7e5cf00d5a760f8aef/cloudinary-core/src/main/java/com/cloudinary/utils/ObjectUtils.java#L57-L69
Converting array to list in Java;https://github.com/camunda/camunda-bpm-platform/blob/1a464fc887ef3760e53d6f91b9e5b871a0d77cc0/engine/src/main/java/org/camunda/bpm/engine/impl/util/CollectionUtil.java#L54-L59
Converting array to list in Java;https://github.com/DJCordhose/jmte/blob/7334e6d111cc2198c5cf69ee336584ab9e192fe5/src/com/floreysoft/jmte/util/Util.java#L208-L267
Converting array to list in Java;https://github.com/httl/httl/blob/e13e00f4ab41252a8f53d6dafd4a6610be9dcaad/httl/src/main/java/httl/spi/methods/TypeMethod.java#L147-L149
Converting array to list in Java;https://github.com/googleapis/google-cloud-java/blob/d2f0bc64a53049040fe9c9d338b12fab3dd1ad6a/google-cloud-clients/google-cloud-bigquery/src/main/java/com/google/cloud/bigquery/QueryParameterValue.java#L264-L274
How to get the current working directory in Java?;https://github.com/Waikato/moa/blob/395982e5100bfe75a3a4d26115462ce2cc74cbb0/moa/src/main/java/moa/gui/experimentertab/PlotTab.java#L984-L1000
How to get the current working directory in Java?;https://github.com/flow/caustic/blob/88652fcf0621ce158a0e92ce4c570ed6b1f6fca9/lwjgl/src/main/java/com/flowpowered/caustic/lwjgl/LWJGLUtil.java#L107-L118
How to get the current working directory in Java?;https://github.com/torquebox/jruby-maven-plugins/blob/bb80f25e856f48bb08e954daa9301b4de4eb1768/ruby-tools/src/main/java/de/saumya/mojo/ruby/gems/GemsConfig.java#L87-L97
How to get the current working directory in Java?;https://github.com/lucee/Lucee/blob/29b153fc4e126e5edb97da937f2ee2e231b87593/core/src/main/java/lucee/runtime/tag/Ftp.java#L470-L476
How to get the current working directory in Java?;https://github.com/graphhopper/graphhopper/blob/c235e306e6e823043cadcc41ead0e685bdebf737/core/src/main/java/com/graphhopper/reader/dem/AbstractElevationProvider.java#L95-L102
How to get the current working directory in Java?;https://github.com/beihaifeiwu/dolphin/blob/b100579cc6986dce5eba5593ebb5fbae7bad9d1a/xmbg-maven-plugin/src/main/java/com/freetmp/maven/mbg/extend/plugin/MavenShellCallback.java#L52-L93
How to get the current working directory in Java?;https://github.com/wildfly/wildfly/blob/64896f1500fe465ad83d96ede9fa19d0c3747f18/ejb3/src/main/java/org/jboss/as/ejb3/timerservice/persistence/filestore/FileTimerPersistence.java#L415-L428
How to get the current working directory in Java?;https://github.com/iovation/launchkey-java/blob/ceecc70b9b04af07ddc14c57d4bcc933a4e0379c/integration/src/main/java/com/iovation/launchkey/sdk/integration/DirectorySteps.java#L227-L235
How to get the current working directory in Java?;https://github.com/tntim96/JSCover/blob/87808b3aa38726b369496331d28ec4111dc5143e/src/main/java/jscover/report/ConfigurationForReport.java#L534-L547
How to get the current working directory in Java?;https://github.com/caelum/vraptor4/blob/593ce9ad60f9d38c360881b2132417c56b8cc093/vraptor-core/src/main/java/br/com/caelum/vraptor/observer/upload/DefaultMultipartConfig.java#L60-L71
Converting `ArrayList<String>' to `String[]' in Java;https://github.com/zaproxy/zaproxy/blob/0cbe5121f2ae1ecca222513d182759210c569bec/src/org/zaproxy/zap/utils/JsonUtil.java#L57-L64
Converting `ArrayList<String>' to `String[]' in Java;https://github.com/h2oai/h2o-3/blob/845eb49dfeaadf638b6e2f779d82fac996391fad/h2o-algos/src/main/java/hex/deepwater/DeepWaterModelInfo.java#L438-L446
Converting `ArrayList<String>' to `String[]' in Java;https://github.com/pravega/pravega/blob/6e24df7470669b3956a07018f52b2c6b3c2a3503/common/src/main/java/io/pravega/common/util/ToStringUtils.java#L114-L117
Converting `ArrayList<String>' to `String[]' in Java;https://github.com/apache/incubator-heron/blob/776abe2b5a45b93a0eb957fd65cbc149d901a92a/examples/src/java/org/apache/heron/examples/streamlet/utils/StreamletUtils.java#L72-L74
Converting `ArrayList<String>' to `String[]' in Java;https://github.com/syphr42/libmythtv-java/blob/cc7a2012fbd4a4ba2562dda6b2614fb0548526ea/ws/src/main/java/org/syphr/mythtv/ws/frontend/impl/FrontendService0_25.java#L146-L163
Converting `ArrayList<String>' to `String[]' in Java;https://github.com/zaproxy/zaproxy/blob/0cbe5121f2ae1ecca222513d182759210c569bec/src/org/zaproxy/zap/authentication/ScriptBasedAuthenticationMethodType.java#L842-L848
Converting `ArrayList<String>' to `String[]' in Java;https://github.com/lucee/Lucee/blob/29b153fc4e126e5edb97da937f2ee2e231b87593/core/src/main/java/lucee/runtime/type/KeyImpl.java#L336-L354
Converting `ArrayList<String>' to `String[]' in Java;https://github.com/google/j2objc/blob/471504a735b48d5d4ace51afa1542cc4790a921a/jre_emul/android/platform/libcore/ojluni/src/main/java/java/util/concurrent/Helpers.java#L52-L69
Converting `ArrayList<String>' to `String[]' in Java;https://github.com/spring-projects/spring-data-solr/blob/20be5cb82498b70134dfda6c1a91ad21f8e657e0/src/main/java/org/springframework/data/solr/core/DefaultQueryParser.java#L547-L552
Converting `ArrayList<String>' to `String[]' in Java;https://github.com/TNG/JGiven/blob/1a69248fc6d7eb380cdc4542e3be273842889748/jgiven-core/src/main/java/com/tngtech/jgiven/impl/ScenarioModelBuilder.java#L554-L561
How can I pad an integer with zeros on the left?;https://github.com/davidmoten/geo/blob/e90d2f406133cd9b60d54a3e6bdb7423d7fcce37/geo/src/main/java/com/github/davidmoten/geo/Base32.java#L128-L138
How can I pad an integer with zeros on the left?;https://github.com/jamesagnew/hapi-fhir/blob/150a84d52fe691b7f48fcb28247c4bddb7aec352/hapi-fhir-structures-dstu3/src/main/java/org/hl7/fhir/dstu3/model/BaseDateTimeType.java#L360-L366
How can I pad an integer with zeros on the left?;https://github.com/bingoohuang/voucher-no/blob/cf914e175c987307b285d1d36ce7ceccfc6213d8/src/main/java/com/github/bingoohuang/voucherno/Strs.java#L13-L16
How can I pad an integer with zeros on the left?;https://github.com/google/j2objc/blob/471504a735b48d5d4ace51afa1542cc4790a921a/translator/src/main/java/com/google/devtools/j2objc/gen/SourceBuilder.java#L170-L179
How can I pad an integer with zeros on the left?;https://github.com/prestodb/presto/blob/89de5e379d8f85e139d292b0add8c537a2a01a88/presto-main/src/main/java/com/facebook/presto/operator/scalar/VarbinaryFunctions.java#L417-L423
How can I pad an integer with zeros on the left?;https://github.com/netty/netty/blob/ba06eafa1c1824bd154f1a380019e7ea2edf3c4c/codec-dns/src/main/java/io/netty/handler/codec/dns/DefaultDnsRecordEncoder.java#L165-L188
How can I pad an integer with zeros on the left?;https://github.com/Unidata/thredds/blob/d2d68f9eee87f345625211324d71d5dc3e162ee1/cdm/src/main/java/ucar/unidata/util/StringUtil2.java#L236-L242
How can I pad an integer with zeros on the left?;https://github.com/spring-projects/spring-shell/blob/23d99f45eb8f487e31a1f080c837061313bbfafa/spring-shell-table/src/main/java/org/springframework/shell/table/KeyValueHorizontalAligner.java#L61-L71
How can I pad an integer with zeros on the left?;https://github.com/betfair/cougar/blob/08d1fe338fbd0e8572a9c2305bb5796402d5b1f5/cougar-framework/cougar-util/src/main/java/com/betfair/cougar/util/BitmapBuilder.java#L31-L38
How can I pad an integer with zeros on the left?;https://github.com/dropbox/dropbox-sdk-java/blob/d86157005fad6233c18b4b0f10f00b8d9d56ae92/src/main/java/com/dropbox/core/json/JsonWriter.java#L153-L159
How can I get the current stack trace in Java?;https://github.com/carewebframework/carewebframework-core/blob/fa3252d4f7541dbe151b92c3d4f6f91433cd1673/org.carewebframework.api-parent/org.carewebframework.api.core/src/main/java/org/carewebframework/api/CompositeException.java#L129-L138
How can I get the current stack trace in Java?;https://github.com/lucee/Lucee/blob/29b153fc4e126e5edb97da937f2ee2e231b87593/core/src/main/java/lucee/runtime/exp/CustomTypeException.java#L61-L78
How can I get the current stack trace in Java?;https://github.com/udoprog/tiny-async-java/blob/987706d4b7f2d13b45eefdc6c54ea63ce64b3310/tiny-async-core/src/main/java/eu/toolchain/concurrent/ConcurrentManaged.java#L230-L237
How can I get the current stack trace in Java?;https://github.com/marcosemiao/log4jdbc/blob/6298e4f8e3ebdc27f9c5d28a957536a44134ccb1/modules/logger/file/log4jdbc-logger-file-stacktrace/src/main/java/fr/ms/log4jdbc/utils/Log4JdbcStackTrace.java#L98-L120
How can I get the current stack trace in Java?;https://github.com/apptentive/apptentive-android/blob/887c08d7bd5ae6488a90366dfb58f58938861a93/apptentive/src/main/java/com/apptentive/android/sdk/debug/Assert.java#L220-L236
How can I get the current stack trace in Java?;https://github.com/blademainer/common_utils/blob/ef6baf0367c16de95a28caab67a7d5842a6d13db/common_helper/src/main/java/com/xiongyingqi/util/StackTraceHelper.java#L66-L73
How can I get the current stack trace in Java?;https://github.com/nutzam/nutz/blob/a38694d5cbda2692e7931ab093c168487a6a4bfe/src/org/nutz/lang/ComboException.java#L43-L50
How can I get the current stack trace in Java?;https://github.com/sporniket/core/blob/3480ebd72a07422fcc09971be2607ee25efb2c26/sporniket-core-lang/src/main/java/com/sporniket/libre/lang/ExceptionTools.java#L75-L94
How can I get the current stack trace in Java?;https://github.com/OpenLiberty/open-liberty/blob/ca725d9903e63645018f9fa8cbda25f60af83a5d/dev/com.ibm.ws.logging.core/src/com/ibm/websphere/ras/TruncatableThrowable.java#L241-L309
How can I get the current stack trace in Java?;https://github.com/airlift/airlift/blob/eb6949a63c998e914f498a7147cefc9dca923d51/jmx/src/main/java/io/airlift/jmx/StackTraceMBean.java#L33-L47
Java 8 List<V> into Map<K. V>;https://github.com/goldmansachs/reladomo/blob/e9a069452eece7a6ef9551caf81a69d3d9a3d990/reladomo/src/main/java/com/gs/fw/common/mithra/finder/ChainedMapper.java#L96-L106
Java 8 List<V> into Map<K. V>;https://github.com/amaembo/streamex/blob/936bbd1b7dfbcf64a3b990682bfc848213441d14/src/main/java/one/util/streamex/EntryStream.java#L2059-L2061
Java 8 List<V> into Map<K. V>;https://github.com/mongodb/mongo-java-driver/blob/a92d47e2e9f2fca55d09229a0a2e2cdc714db085/driver-sync/src/main/com/mongodb/client/internal/MongoCollectionImpl.java#L278-L282
Java 8 List<V> into Map<K. V>;https://github.com/trajano/caliper/blob/a8bcfd84fa9d7b893b3edfadc3b13240ae5cd658/caliper/src/main/java/com/google/caliper/runner/FullCartesianExperimentSelector.java#L86-L90
Java 8 List<V> into Map<K. V>;https://github.com/landawn/AbacusUtil/blob/544b7720175d15e9329f83dd22a8cc5fa4515e12/src/com/landawn/abacus/util/ListMultimap.java#L292-L307
Java 8 List<V> into Map<K. V>;https://github.com/apache/flink/blob/b62db93bf63cb3bb34dd03d611a779d9e3fc61ac/flink-optimizer/src/main/java/org/apache/flink/optimizer/util/Utils.java#L46-L54
Java 8 List<V> into Map<K. V>;https://github.com/google/guava/blob/7155d12b70a2406fa84d94d4b8b3bc108e89abfd/guava/src/com/google/common/collect/Multimaps.java#L1280-L1285
Java 8 List<V> into Map<K. V>;https://github.com/boonproject/boon/blob/9bc6870dbe5dd58c45c18d8edb493e8efc089463/boon/src/main/java/org/boon/Lists.java#L764-L771
Java 8 List<V> into Map<K. V>;https://github.com/aol/cyclops/blob/59a9fde30190a4d1faeb9f6d9851d209d82b81dd/cyclops-reactive-collections/src/main/java/com/oath/cyclops/data/collections/extensions/lazy/immutable/LazyPOrderedSetX.java#L81-L83
Java 8 List<V> into Map<K. V>;https://github.com/Wolfgang-Schuetzelhofer/jcypher/blob/0f36914b4d6993a004cc235bb18dd3e02a59d253/src/main/java/iot/jcypher/query/api/collection/CFrom.java#L39-L43
Reading a plain text file in Java;https://github.com/joniles/mpxj/blob/143ea0e195da59cd108f13b3b06328e9542337e8/src/main/java/net/sf/mpxj/asta/AstaFileReader.java#L110-L115
Reading a plain text file in Java;https://github.com/Samsung/GearVRf/blob/05034d465a7b0a494fabb9e9f2971ac19392f32d/GVRf/Framework/framework/src/main/java/org/gearvrf/utility/TextFile.java#L101-L124
Reading a plain text file in Java;https://github.com/sagiegurari/fax4j/blob/42fa51acabe7bf279e27ab3dd1cf76146b27955f/src/main/java/org/fax4j/util/IOHelper.java#L332-L342
Reading a plain text file in Java;https://github.com/Samsung/GearVRf/blob/05034d465a7b0a494fabb9e9f2971ac19392f32d/GVRf/Extensions/widgetLib/src/org/gearvrf/widgetlib/main/Utility.java#L42-L53
Reading a plain text file in Java;https://github.com/xcesco/kripton/blob/90de2c0523d39b99e81b8d38aa996898762f594a/kripton-orm/src/main/java/com/abubusoft/kripton/android/sqlite/commons/IOUtils.java#L78-L86
Reading a plain text file in Java;https://github.com/Samsung/GearVRf/blob/05034d465a7b0a494fabb9e9f2971ac19392f32d/GVRf/Framework/framework/src/main/java/org/gearvrf/utility/TextFile.java#L92-L95
Reading a plain text file in Java;https://github.com/Samsung/GearVRf/blob/05034d465a7b0a494fabb9e9f2971ac19392f32d/GVRf/Framework/framework/src/main/java/org/gearvrf/utility/TextFile.java#L61-L68
Reading a plain text file in Java;https://github.com/eclipse/xtext-core/blob/bac941cb75cb24706519845ec174cfef874d7557/org.eclipse.xtext/src/org/eclipse/xtext/generator/JavaIoFileSystemAccess.java#L254-L265
Reading a plain text file in Java;https://github.com/GCRC/nunaliit/blob/0b4abfc64eef2eb8b94f852ce697de2e851d8e67/nunaliit2-utils/src/main/java/ca/carleton/gcrc/utils/TextFileUtils.java#L17-L57
Reading a plain text file in Java;https://github.com/stratosphere/stratosphere/blob/c543a08f9676c5b2b0a7088123bd6e795a8ae0c8/stratosphere-java/src/main/java/eu/stratosphere/api/java/ExecutionEnvironment.java#L189-L195
How to check if a String is numeric in Java;https://github.com/adorsys/hbci4java-adorsys/blob/5e24f7e429d6b555e1d993196b4cf1adda6433cf/src/main/java/org/kapott/hbci/GV/AbstractHBCIJob.java#L975-L995
How to check if a String is numeric in Java;https://github.com/Unidata/thredds/blob/d2d68f9eee87f345625211324d71d5dc3e162ee1/bufr/src/main/java/ucar/nc2/iosp/bufr/writer/BufrDataProcess.java#L206-L228
How to check if a String is numeric in Java;https://github.com/CubeEngine/I18n/blob/9a1bbc8c82cea8df5a95f3f92c1d1a0b670366f0/src/main/java/org/cubeengine/i18n/I18nUtil.java#L47-L66
How to check if a String is numeric in Java;https://github.com/BlueBrain/bluima/blob/793ea3f46761dce72094e057a56cddfa677156ae/modules/bluima_jsre/src/main/java/org/itc/irst/tcc/sre/util/Orthographic.java#L170-L199
How to check if a String is numeric in Java;https://github.com/Harium/keel/blob/0369ae674f9e664bccc5f9e161ae7e7a3b949a1e/src/main/java/com/harium/keel/catalano/math/Tools.java#L228-L330
How to check if a String is numeric in Java;https://github.com/bullhorn/sdk-rest/blob/0c75a141c768bb31510afc3a412c11bd101eca06/src/main/java/com/bullhornsdk/data/util/RestUtil.java#L24-L34
How to check if a String is numeric in Java;https://github.com/google/j2objc/blob/471504a735b48d5d4ace51afa1542cc4790a921a/jre_emul/android/platform/external/icu/android_icu4j/src/main/java/android/icu/impl/locale/AsciiUtil.java#L142-L151
How to check if a String is numeric in Java;https://github.com/legsem/legstar-core2/blob/f74d25d5b2b21a2ebaaaf2162b3fb7138dca40c6/legstar-cob2xsd/src/main/java/com/legstar/cob2xsd/XsdDataItem.java#L1180-L1196
How to check if a String is numeric in Java;https://github.com/kuali/kc-api/blob/e04cf3194af9279d842747dd5610156cce00dba2/coeus-api-all/src/main/java/org/kuali/coeus/sys/api/model/AbstractDecimal.java#L131-L143
How to check if a String is numeric in Java;https://github.com/foundation-runtime/configuration/blob/c5bd171a2cca0dc1c8d568f987843ca47c6d1eed/configuration-api/src/main/java/com/cisco/oss/foundation/configuration/ConfigUtil.java#L250-L279
Java string to date conversion;https://github.com/CenturyLinkCloud/mdw/blob/91167fe65a25a5d7022cdcf8b0fae8506f5b87ce/mdw-common/src/com/centurylink/mdw/util/StringHelper.java#L1433-L1443
Java string to date conversion;https://github.com/spring-projects/spring-social-twitter/blob/5df7b3556d7bdbe7db8d833f30141336b5552178/spring-social-twitter/src/main/java/org/springframework/social/twitter/api/impl/LocalTrendsDeserializer.java#L65-L71
Java string to date conversion;https://github.com/BrunoEberhard/minimal-j/blob/f7c5461b2b47a10b383aee1e2f1f150f6773703b/example/013_NewsFeed/src/org/minimalj/example/newsfeed/xml/StaxUtil.java#L29-L36
Java string to date conversion;https://github.com/spring-projects/spring-social-twitter/blob/5df7b3556d7bdbe7db8d833f30141336b5552178/spring-social-twitter/src/main/java/org/springframework/social/twitter/api/impl/TweetDeserializer.java#L112-L122
Java string to date conversion;https://github.com/kikinteractive/ice/blob/0c58d7bf2d9f6504892d0768d6022fcfa6df7514/ice/src/main/java/com/kik/config/ice/convert/ConfigValueConverters.java#L112-L118
Java string to date conversion;https://github.com/FINRAOS/DataGenerator/blob/1f69f949401cbed4db4f553c3eb8350832c4d45a/dg-core/src/main/java/org/finra/datagenerator/engine/scxml/tags/boundary/BoundaryDate.java#L212-L221
Java string to date conversion;https://github.com/twilio/twilio-java/blob/0318974c0a6a152994af167d430255684d5e9b9f/src/main/java/com/twilio/converter/DateConverter.java#L60-L66
Java string to date conversion;https://github.com/E7du/jfinal-ext3/blob/8ffcbd150fd50c72852bb778bd427b5eb19254dc/src/main/java/com/jfinal/ext/kit/DateTimeKit.java#L384-L391
Java string to date conversion;https://github.com/ineunetOS/knife-commons/blob/eae9e59afa020a00ae8977c10d43ac8ae46ae236/knife-commons-utils/src/main/java/com/ineunet/knife/util/DateUtils.java#L92-L98
Java string to date conversion;https://github.com/haraldk/TwelveMonkeys/blob/7fad4d5cd8cb3a6728c7fd3f28a7b84d8ce0101d/common/common-lang/src/main/java/com/twelvemonkeys/lang/StringUtil.java#L896-L907
A `for' loop to iterate over an enum in Java;https://github.com/project-ncl/pnc/blob/85743ca59d14cdf750d6daa8bd0a0a8be390a796/facade/src/main/java/org/jboss/pnc/facade/rsql/RSQLProducerImpl.java#L119-L126
A `for' loop to iterate over an enum in Java;https://github.com/VoltDB/voltdb/blob/8afc1031e475835344b5497ea9e7203bc95475ac/src/frontend/org/voltdb/planner/MVQueryRewriter.java#L249-L262
A `for' loop to iterate over an enum in Java;https://github.com/aol/cyclops/blob/59a9fde30190a4d1faeb9f6d9851d209d82b81dd/cyclops/src/main/java/cyclops/data/tuple/Tuple6.java#L121-L123
A `for' loop to iterate over an enum in Java;https://github.com/korpling/ANNIS/blob/152a2e34832e015f73ac8ce8a7d4c32641641324/annis-service/src/main/java/annis/sqlgen/GraphWithClauseGenerator.java#L145-L158
A `for' loop to iterate over an enum in Java;https://github.com/overturetool/overture/blob/83175dc6c24fa171cde4fcf61ecb648eba3bdbc1/core/pog/src/main/java/org/overture/pog/visitors/PogParamStmVisitor.java#L427-L451
A `for' loop to iterate over an enum in Java;https://github.com/PeterisP/morphology/blob/a7805b7cbf09fc46ebe7f2dd4009a0807a7e2783/src/main/java/lv/semti/morphology/analyzer/AllEndings.java#L37-L54
A `for' loop to iterate over an enum in Java;https://github.com/alkacon/opencms-core/blob/bc104acc75d2277df5864da939a1f2de5fdee504/src-gwt/org/opencms/gwt/client/ui/input/location/CmsLocationController.java#L298-L305
A `for' loop to iterate over an enum in Java;https://github.com/bingoohuang/asmvalidator/blob/6e1c2564e04f8d3cb68bbebe1a07a25d7d419c8c/src/main/java/com/github/bingoohuang/asmvalidator/validation/AsmRangeValidateGenerator.java#L110-L139
A `for' loop to iterate over an enum in Java;https://github.com/killme2008/gecko/blob/0873b690ffde51e40e6eadfcd5d599eb4e3b642d/src/main/java/com/taobao/gecko/core/util/LinkedTransferQueue.java#L470-L497
A `for' loop to iterate over an enum in Java;https://github.com/bbossgroups/bboss-elasticsearch/blob/31717c8aa2c4c880987be53aeeb8a0cf5183c3a7/bboss-elasticsearch-rest/src/main/java/org/frameworkset/elasticsearch/client/RestClientUtil.java#L1982-L1986
How do I convert a String to an InputStream in Java?;https://github.com/VoltDB/voltdb/blob/8afc1031e475835344b5497ea9e7203bc95475ac/src/hsqldb19b3/org/hsqldb_voltpatches/lib/StringConverter.java#L636-L657
How do I convert a String to an InputStream in Java?;https://github.com/liaohuqiu/cube-sdk/blob/4446b1f156ad609fe72a4e7cd5de3c4c95761d96/core/src/in/srain/cube/diskcache/CacheEntry.java#L22-L24
How do I convert a String to an InputStream in Java?;https://github.com/airbrake/airbrake-java/blob/6b700a6c3d1effb9febf510bdb020abf6588466b/src/main/java/airbrake/AirbrakeNotifier.java#L12-L24
How do I convert a String to an InputStream in Java?;https://github.com/kite-sdk/kite/blob/72bfb4b1a881af85808cd7f14bc3e15160a1e811/kite-data/kite-data-hbase/src/main/java/org/kitesdk/data/hbase/avro/AvroUtils.java#L144-L164
How do I convert a String to an InputStream in Java?;https://github.com/ricksbrown/cowsay/blob/a18e4185090835e971d97fa178191ffc2e794b3c/src/main/java/com/github/ricksbrown/cowsay/Cowloader.java#L83-L106
How do I convert a String to an InputStream in Java?;https://github.com/stanfy/enroscar/blob/0e64f3c309d62e359b55ddcba10e3cc592f5e083/io/src/main/java/com/stanfy/enroscar/io/IoUtils.java#L88-L90
How do I convert a String to an InputStream in Java?;https://github.com/networknt/light-4j/blob/2a60257c60663684c8f6dc8b5ea3cf184e534db6/utility/src/main/java/com/networknt/utility/StringUtils.java#L1265-L1279
How do I convert a String to an InputStream in Java?;https://github.com/knightliao/disconf/blob/d413cbce9334fe38a5a24982ce4db3a6ed8e98ea/disconf-web/src/main/java/com/baidu/disconf/web/utils/MyStringUtils.java#L31-L40
How do I convert a String to an InputStream in Java?;https://github.com/kiegroup/droolsjbpm-tools/blob/05e1f73c591178360a198dca29f99d73918991db/drools-eclipse/org.jbpm.eclipse/src/main/java/org/jbpm/eclipse/action/ImportWorkItemsDialog.java#L456-L476
How do I convert a String to an InputStream in Java?;https://github.com/mercadopago/dx-java/blob/9df65a6bfb4db0c1fddd7699a5b109643961b03f/src/main/java/com/mercadopago/core/MPCoreUtils.java#L81-L99
Convert InputStream to byte array in Java;https://github.com/aws/aws-sdk-java/blob/aa38502458969b2d13a1c3665a56aba600e4dbd0/aws-java-sdk-core/src/main/java/com/amazonaws/util/BinaryUtils.java#L82-L87
Convert InputStream to byte array in Java;https://github.com/oehf/ipf-oht-atna/blob/25ed1e926825169c94923a2c89a4618f60478ae8/nodeauth/src/main/java/org/openhealthtools/ihe/atna/nodeauth/SecurityDomain.java#L569-L576
Convert InputStream to byte array in Java;https://github.com/susom/database/blob/25add9e08ad863712f9b5e319b6cb826f6f97640/src/main/java/com/github/susom/database/StatementAdaptor.java#L126-L140
Convert InputStream to byte array in Java;https://github.com/axibase/atsd-jdbc/blob/8bbd9d65f645272aa1d7fc07081bd10bd3e0c376/src/main/java/com/axibase/tsd/driver/jdbc/util/IOUtils.java#L13-L23
Convert InputStream to byte array in Java;https://github.com/fleipold/jproc/blob/617f498c63a822c6b0506a2474b3bc954ea25c9a/src/main/java/org/buildobjects/process/ByteArrayConsumptionThread.java#L43-L53
Convert InputStream to byte array in Java;https://github.com/VoltDB/voltdb/blob/8afc1031e475835344b5497ea9e7203bc95475ac/src/hsqldb19b3/org/hsqldb_voltpatches/lib/ClosableByteArrayOutputStream.java#L319-L330
Convert InputStream to byte array in Java;https://github.com/kiegroup/droolsjbpm-tools/blob/05e1f73c591178360a198dca29f99d73918991db/drools-eclipse/org.drools.eclipse/src/main/java/org/drools/eclipse/wizard/rule/DRLGenerator.java#L71-L74
Convert InputStream to byte array in Java;https://github.com/ktoso/janbanery/blob/cd77b774814c7fbb2a0c9c55d4c3f7e76affa636/janbanery-core/src/main/java/pl/project13/janbanery/core/dao/LogImpl.java#L101-L109
Convert InputStream to byte array in Java;https://github.com/mongodb/stitch-android-sdk/blob/159b9334b1f1a827285544be5ee20cdf7b04e4cc/core/sdk/src/main/java/com/mongodb/stitch/core/internal/common/IoUtils.java#L35-L47
Convert InputStream to byte array in Java;https://github.com/lets-blade/blade/blob/60624ee528be12122c49a9ad1713e336b959e59a/src/main/java/com/blade/kit/ConvertKit.java#L294-L297
How can I read a large text file line by line using Java?;https://github.com/play2-maven-plugin/play2-maven-plugin/blob/34e174b02c4245cfad64abd230f3cbeda9d9b2f4/play2-maven-plugin/src/main/java/com/google/code/play2/plugin/AbstractPlay2SourceGeneratorMojo.java#L102-L127
How can I read a large text file line by line using Java?;https://github.com/looly/hutool/blob/bbd74eda4c7e8a81fe7a991fa6c2276eec062e6a/hutool-core/src/main/java/cn/hutool/core/io/FileUtil.java#L2295-L2297
How can I read a large text file line by line using Java?;https://github.com/indeedeng/util/blob/332008426cf14b57e7fc3e817d9423e3f84fb922/io/src/main/java/com/indeed/util/io/Files.java#L559-L573
How can I read a large text file line by line using Java?;https://github.com/indeedeng/util/blob/332008426cf14b57e7fc3e817d9423e3f84fb922/io/src/main/java/com/indeed/util/io/Files.java#L581-L608
How can I read a large text file line by line using Java?;https://github.com/1gravity/Android-RTEditor/blob/9d8fb4bb865b3b3d011e7633afedcdfb8d21754f/RTEditor/src/main/java/com/onegravity/rteditor/utils/io/IOUtils.java#L991-L993
How can I read a large text file line by line using Java?;https://github.com/1gravity/Android-RTEditor/blob/9d8fb4bb865b3b3d011e7633afedcdfb8d21754f/RTEditor/src/main/java/com/onegravity/rteditor/utils/io/IOUtils.java#L967-L970
How can I read a large text file line by line using Java?;https://github.com/play2-maven-plugin/play2-maven-plugin/blob/34e174b02c4245cfad64abd230f3cbeda9d9b2f4/play2-maven-plugin/src/main/java/com/google/code/play2/plugin/AbstractPlay2Mojo.java#L169-L184
How can I read a large text file line by line using Java?;https://github.com/oblac/jodd/blob/85ad7f813ec0e07ecd27042aeb47ff2047631fa5/jodd-core/src/main/java/jodd/io/FileUtil.java#L887-L889
How can I read a large text file line by line using Java?;https://github.com/landawn/AbacusUtil/blob/544b7720175d15e9329f83dd22a8cc5fa4515e12/src/com/landawn/abacus/util/IOUtil.java#L687-L701
How can I read a large text file line by line using Java?;https://github.com/landawn/AbacusUtil/blob/544b7720175d15e9329f83dd22a8cc5fa4515e12/src/com/landawn/abacus/util/IOUtil.java#L683-L685
